Abnet, Christian C
Abrams, Shaun
Abubakar, Mustapha
Acharya, Jairaj K
Ackerman, Hans
Acosta Rodríguez, Victoria
Adams, Philip P
Adhya, Sankar
Adoro, Stanley
Afraz, Arash
Afzali, Behdad (Ben)
Agbor-Enoh, Sean
Aguilera, Greti
Akera, Takashi
Aladjem, Mirit I
Albanes, Demetrius
Albert, Paul S
Aldrich, Leslie N
Allen, Clint T
Alleva, Rajula
Alliston, Tamara
Almeida, Jonas S
Altan-Bonnet, Grégoire
Altan-Bonnet, Nihal
Altschul, Stephen
Alvarez, Veronica
Amara, Susan
Ambudkar, Indu
Ambudkar, Suresh V
Amundadottir, Laufey T
Anchang, Benedict
Anfinrud, Philip A
Antani, Sameer
Aplan, Peter D
Apolo, Andrea B
Aponte, Yeka
Appella, Daniel Howard
Appella, Ettore
Archer, Trevor
Arda, H Efsun
Aregger, Michael
Atlas, Lauren Y
Averbeck, Bruno
Ayele, Fasil Tekola
Bai, Yawen
Baier, Leslie Joan
Baird, Donna
Baker, Christopher
Balaban, Robert
Balla, Tamas
Ballesteros, Angela
Ballesteros-Tato, Andre
Banday, A Rouf
Bandettini, Peter
Banerjee, Anirban
Barber, Daniel Leo
Barchi, Joseph J Jr
Barillas-Mury, Carolina
Baron, Jeffrey
Barr, Frederic G
Barry, Clifton Earl
Bartley, Christopher
Basisty, Nathan
Basrai, Munira A
Basser, Peter Joel
Batista, Pedro J
Bax, Adriaan
Baxevanis, Andy
Beane-Freeman, Laura E
Becerra, S Patricia
Beerman, Isabel
Bell, Daphne W
Benjamini, Dan
Berger, Edward Alan
Berman, Karen
Berndt, Sonja I
Bernstein, Harris D
Best, Robert B
Best, Sonja Marie
Bewley, Carole A
Bezrukov, Sergey Michael
Bhandoola, Avinash
Bharti, Kapil
Biassou, Nadia M
Bielekova, Bibiana
Biesecker, Leslie G
Biragyn, Arya
Blackshear, Perry
Bloom, Marshall Elliott
Bodine, David M
Boehm, Manfred
Bogardus, Clifton I
Bolland, Silvia M
Bonifacino, Juan S
Bönnemann, Carsten G
Bonsignori, Mattia
Boritz, Eli
Bosio, Catharine Mans
Bosselut, Remy
Bouhrara, Mustapha
Bourne, James
Boxer, Lisa D
Boyce, Alison
Brenchley, Jason Michael
Briggs, Farran
Brody, Lawrence
Brooks, Bernard
Brooks, Brian P
Brosh, Robert M
Brotman, Melissa
Brown, Kevin M
Brown, Rebecca J
Brownell, Isaac
Buchanan, Susan K
Buck, Christopher B
Buckley, Ashura
Bulea, Thomas C
Burgess, Harold Antony
Burgess, Shawn
Burke, Terrence R
Bushnell, M Catherine
Cahoon, Elizabeth K
Cai, Huaibin
Calvo, Eric
Calvo, Katherine R
Camargo, Maria
Camerini-Otero, Rafael Daniel
Cameron, Heather
Campbell-Washburn, Adrienne
Camphausen, Kevin A
Cao, Haiming
Caplen, Natasha J
Caporaso, Neil E
Cappell, Steven D
Carrasquillo, Yarimar
Cartagena-Rivera, Alexander
Casey, Warren
Caspi, Rachel
Castle, Philip
Caughey, Byron W
Chan, Leighton
Chanock, Stephen J
Chaturvedi, Anil K
Cheloha, Ross William
Chen, Chongyi
Chen, Kong Yin
Chen, Wanjun
Chen, Zhen
Cheng, Sheue-yann
Cheon, Bobby Kyungbeom
Chernomordik, Leonid
Chertow, Daniel S
Cherukuri, Murali Krishna
Chesler, Alexander
Cheung, Li C
Chew, Emily Y
Chiang, Michael
Childs, Richard
Chiorini, John
Chitnis, Ajay Balwant
Chittiboina, Prashant
Chock, P Boon
Choi, Jiyeon
Choi, Kelvin
Chow, Carson C
Choyke, Peter L
Chudasama, Yogita
Chun, Tae-Wook
Chung, Hoi Sung
Chung, Jay
Chung, Stephanie Therese
Cidlowski, John
Cinar, Resat
Citrin, Deborah E
Clark, David Johannes
Clore, G Marius
Cohen, Jeffrey I
Cohen, Leonardo G
Cohen-Fix, Orna
Colbert, Robert A
Compton, Alex
Connors, Mark
Conway, Bevil R
Cook, Leah M
Cookson, Mark R
Copeland, William
Cortese, Irene
Craigie, Robert Arthur
Criswell, Lindsey A
Crompton, Peter D
Crouch, Robert Joseph
Cui, Guohong
Cunningham, Lisa L
Curtis, Brenda
Cypess, Aaron Martin
Daar, Ira O
Dai, Chengkai
Dalal, Yamini
Dale, Ryan K
Damiano, Diane
Danner, Robert L
Darcey, Valerie Lillian
Dasso, Mary C
Davies, Erin L
de Cabo, Rafael
Dean, Ann
Dean, Jurrien
Dean, Michael C
DeCasien, Alexandra
Dekker, John P
DeLeo, Frank R
Demayo, Francesco
Demner-Fushman, Dina
Denny, Joshua
Desai, Sanjay Arvind
Dever, Thomas E
Diamond, Jeffrey S
Diaz Santana, Mary
Dixon, Darlene
Doetsch, Paul
Dolan, Patrick T
Doroshow, James H
Douek, Daniel
Dudek Sommer, Serena
Dufau Catt, Maria Luisa
Duffy, Patrick Emmet
Dunbar," Cynthia ""Cindy"""
Durum, Scott K
Dutta, Diptavo
Duyn, Jozef (Jeff) H
Dyda, Frederick P
Dzutsev, Amiran K
Eaton, William A
Ebenuwa, Ifechukwude Chibuzo
Egan, Josephine M
Egwuagu, Charles E
Eiden, Lee
El-Toukhy, Sherine
Elinoff, Jason
Elmlund, Hans
Elnitski, Laura
Emiola, Akintunde
Engels, Eric A
Epstein, David H
Evans, Michele K
Farber, Joshua
Farci, Patrizia
Farrell, Jeffrey Allen
Fathi, Parinaz
Felber, Barbara K
Feldmann, Heinz Ulrich
Ferguson, Kelly
Ferré, Sergi
Ferré-D'Amaré, Adrian
Ferrucci, Luigi
Fessler, Michael
Figg, William Douglas
Figueroa, Jonine D
Fischbeck, Kenneth H
FitzGerald, David J
Fitzhugh, Courtney
Forde, Allana T
Forrest, Douglas
Forrest, Lucy R
Fowlkes, B J
Fox, Julie M
Frakes, Ashley Elizabeth
Franchini, Genoveffa
Franco, Luis M
Frank, Joseph A
Frank, Karen M
Fraser, Iain
Fraumeni, Joseph F Jr
Freed, Eric O
Freeman, Alexandra F
Fried, Michal
Friedman, Thomas B
Friesen, Melissa C
Fujii, Takeo
Gadalla, Shahinaz M
Gahl, William A
Gail, Mitchell H
Gandjbakhche, Amir Hossein
Gao, Bin
Garantziotis, Stavros
Ge, Kai
Gearhart, Patricia J
Gelaye, Bizu
Gellert, Martin Frank
Gerfen, Charles
Germain, Ronald N
Germino, Gregory George
Ghany, Marc Gregory
Gharib, Ahmed Medhat
Ghedin, Elodie
Gierach, Gretchen L
Gildersleeve, Jeffrey C
Gilman, Stephen Edward
Giniger, Edward S
Gjoneska, Elizabeta
Glancy, Brian
Glod, John W
Goldbach-Mansky, Raphaela T
Goldberg, Mandy
Goldman, David
Goldstein, Alisa M
Goldstein, David S
Goldszmid, Romina
Gonatopoulos-Pournatzis, Thomas
Gonzalez, Frank J
Gordon, Catherine Mason
Gorospe, Myriam
Gottesman, Michael M
Gottesman, Rebecca F
Gottesman, Susan
Grantz, Katherine Laughon
Grayson, Peter
Green, Kim Y
Greene, Mark H
Greig, Nigel H
Greten, Tim F
Grewal, Shiv
Grigg, Michael Ernest
Groshong, Ashley
Grunseich, Christopher
Gu, Shuo
Gu, Yi
Guardia, Carlos
Guerrerio, Pamela A
Gulley, James L
Guydosh, Nicholas Raymond
Haase, Astrid Desiree
Hackstadt, David Warren
Hadigan, Colleen
Hafner, Markus
Hager, Gordon L
Hall, Matthew D
Hall, Traci
Hammer, John
Hammoud, Dima A
Hanchard, Neil A
Hannenhalli, Sridhar
Hanover, John Allan
Hanson, Robert L
Harbison, Susan
Harmon, Stephanie A
Harris, Audray K
Harris, Curtis C
Harvey, Brandon
Hasenkrug, Kim J
Hassan, Raffit
Hattar, Samer
Heiss, John D
Hejtmancik, J Fielding
Heller, Theo
Hennighausen, Lothar George
Herbert, Ronald
Herman, Allison (Ali)
Hernandez, Jonathan M
Hertzano, Ronna
Heske, Christine M
Hickman, Heather
Hinnebusch, Alan G
Hinshaw, Jenny E
Hinton, Deborah M
Histed, Mark
Ho, Mitchell
Hoang, Chuong Dinh
Hodge, James W
Hoffman, Dax Aaron
Hofmann, Jonathan N
Hogg, J Robert
Holland, Steven M
Holmes, Andrew
Holmgren, Miguel
Hong, Grace
Hong, Jau Shyong
Hoon, Mark
Hoover, Robert N
Hope, Bruce Thomas
Horwitz, Barry
Hourigan, Suchitra
Hu, Guang
Hu, Wei-Shau
Hu, Yinling
Huang, Jing
Huang, Tianyi
Hunter, Kent W
Hwang, Paul
Iglesias-Bartolome, Ramiro
Ikeda, Stephen
Ikemoto, Satoshi
Inati, Sara K
Inglese, James
Innis, Robert
Iyer, Aravind
Iyer, Malliga R
Jackson, Chandra
Jackson, Sadhana
Jackson, Sarah S
Jacobson, Kenneth A
Jacobson, Steven
Jaffe, Elaine S
Janes, Amy
Jayasekera, Jinani
Jensen, Patricia
Jensen, Robert T
Jetten, Anton
Jiang, Jiansen
Jiang, Peng
Jiang, Xiaofang
Jin, Tian
Johnson, Andrew
Johnson, Peter F
Jones, Elizabeth C
Jones, Jennifer Clare
Jones, Rena
Joseph, Paule V
Jothi, Raja
Jukic, Anne Marie
Kachar, Bechara
Kahnt, Thorsten
Kanakry, Christopher G
Kanekiyo, Masaru
Kanthi, Yogen
Kaplan, Mariana J
Kaplan, Rosandra N
Kapogiannis, Dimitrios
Karzai, Fatima
Kashlev, Mikhail
Kastner, Dan
Katzelnick, Leah C
Kearney, Mary F
Keenan, Tiarnán
Kehrl, John H
Keil, Alexander P
Kelley, Matthew W
Kelly, Alexander E
Kelsall, Brian
Kemper, Claudia
Kerosuo, Laura
Kesner, Andrew
Khaliq, Zayd M
Khan, Javed
Khare, Anupama
Khincha, Payal P
Khoury, Paneez
Kim, Hanna
Kim, Hee-Yong
Kim, Scott YH
Kimmel, Alan Robert
Kindt, Katie S
Kitahara, Cari
Klein, David C
Klion, Amy D
Klubo-Gwiezdzinska, Joanna
Knepper, Mark
Knutson, Jay
Kobayashi, Hisataka
Kochenderfer, James N
Koehly, Laura M
Kõivomägi, Mardo
Kolmogorov, Mikhail
Kong, Heidi H
Koob, George F
Koonin, Eugene
Koretsky, Alan P
Koshiol, Jill
Koup, Richard A
Koutros, Stella
Kovac, Paul
Kovacs, Joseph A
Kraft, Peter L
Krashes, Michael J
Krause, Michael W
Krauze, Andra V
Krauzlis, Richard
Kreimer, Aimee R
Kreitman, Robert J
Krishna, Sri
Krug, Laurie T
Kruth, Howard S
Kulkarni, Ashok
Kunkel, Thomas
Kunos, George
Kwon-Chung, Kyung J
Lakatta, Edward G
Lal, Ashish
Lan, Qing
Landi, Maria T
Landsman, David
Lane, Clifford
Langdon, Angela
Langevin, Helene M
Larion, Mioara
Larionov, Vladimir L
Larochelle, Andre
Larson, Daniel R
Latour, Lawrence L
Launer, Lenore Joy
Lawal, Tokunbor
Lazarevic, Vanja
Lazzerini Denchi, Eros
Le Pichon, Claire Eliane
Leapman, Richard D
Lebensohn, Andres M
LeBlanc, Amy K
Lederman, Robert
Lee, Choonsik
Lee, Janice
Lee, Jennifer
Lee, Kyung S
Lee, Soohyun
Leggio, Lorenzo
Lei, Elissa P
Leikin, Sergey L
Leko, Vid
León, Beatriz
Leonard, Warren
Leopold, David
Leppla, Stephen H
Leto, Thomas L
Levens, David L
Levin, Henry L
Levine, Ariel
Levine, Mark A
Levine, Rodney
Levy, Daniel
Levy, Joshua M
Lewandoski, Mark B
Lewandowski, Laura B
Li, Leping
Li, Tiansen
Li, Xiaoling
Li, Zheng
Liang, T Jake
Lilly, Mary Anne
Lin, Da-Ting
Lin, Frank I
Linehan, W Marston
Linet, Martha S
Lionakis, Michail S
Lipkowitz, Stanley
Lischinsky, Julieta
Lisco, Andrea
Liu, Aiyi
Liu, Danping
Liu, Paul P
Liu, Yie
Liu, Yuanyuan
Liu, Zheng-Gang
Lobanenkov, Victor V
Loftfield, Erikka L
Loh, Yoke Peng
Lohoff, Falk
Loke, P'ng
Loncarek, Jadranka
London, Robert
London, Stephanie
Long, Carole A
Long, Eric O
Lopez-Guzman, Silvia
Lorsch, Jon
Love, Paul E
Lovinger, David
Lowy, Douglas R
Lu, Zhiyong
Lubin, Jay H
Luna, Augustin
Luo, Ji
Lupica, Carl R
Lusso, Paolo
Lutas, Andrew
Ma, Lichun
Macfarlan, Todd Scott
Machida, Yuichi
Machiela, Mitchell J
Machner, Matthias Peter
Mackem, Susan
Madan, Ravi A
Madrigal, Jessica M
Major, Eugene O
Maldarelli, Frank
Malech, Harry Lewis
Mammen, Andrew
Mannes, Andrew
Maragkakis, Emmanouil
Marcotrigiano, Joseph
Margulies, David Harvey
Marsan, Elise
Martin, Alex
Martin, Malcolm A
Marzi, Andrea
Masison, Daniel C
Masur, Henry
Mathias, Rasika
Matthews, Charles E
Matthies, Doreen
Mayer, Christian T
Mayer, Mark
Mayer-Barber, Katrin D
Mays, Jacqueline
Mbulaiteye, Sam M
McBain, Christopher James
McBride, Alison
McDonald, Clement J
McEachron, Troy A
McGavern, Dorian
McGlynn, Katherine A
McGuire, Peter
McJunkin, Katherine
McMahon, Francis
McReynolds, Lisa J
McVicar, Daniel W
Meier, Jordan L
Meier-Schellersheim, Martin
Meltzer, Paul S
Memoli, Matthew J
Merikangas, Kathleen
Merino, Maria J
Merke, Deborah P
Messier, Kyle
Mezey, Eva
Michaelides, Mike
Miettinen, Markku Martti
Mili, Stavroula
Miller, Frederick
Miller, Louis Howard
Mindell, Joseph A
Mirabello, Lisa
Misteli, Tom
Mizuno, Naoko
Mizuuchi, Kiyoshi
Mock, Beverly
Moir, Susan Louise
Monteiro, Diana CF
Montiel Ishino, Francisco
Moore, Steven C
Morales, Marisela
Morasso, Maria Irene
Morgan, Marcos
Morrison, Deborah K
Morton, Lindsay M
Moss, Bernard
Moss, Joel
Motsinger-Reif, Alison
Moutsopoulos, Niki M
Muallem, Shmuel
Mughal, Amreen
Mukherjee, Anil Baran
Mukoyama, Yosuke
Muljo, Stefan Adi
Munster, Vincent
Muppidi, Jagan R
Murgai, Meera
Murphy, Elizabeth
Murphy, Philip M
Murray, Elisabeth
Muthuswamy, Senthil K
Myles, Ian A
Nagao, Keisuke (Chris)
Nansel, Tonja Renae
Narayan, Priyanka Sivakami
Narendra, Derek
Natanson, Charles
Nath, Avindra
Negishi, Masahiko
Nelson, Karin B
Nelson, Ralph F
Neuman, Keir
Neumann, Ronald D
Newman, Amy Hauck
Ng, Samuel Y
Ngai, John Jay
Nguyen, Joe T
Nguyen, Quynh
Nguyen, Rosa
Nieman, Lynnette K
Nienborg, Hendrikje
Nita-Lazar, Aleksandra
Noguchi, Constance Tom
Notarangelo, Luigi Daniele
Nussenzweig, Andre
Nutman, Thomas Bruce
O'Brien, Thomas R
O'Connell, Kevin F
O'Donovan, Michael J
O'Keefe, Barry R
O'Shea, John J
Oberdoerffer, Shalini
Ombrello, Michael J
Ostrander, Elaine A
Otto, Michael
Ovcharenko, Ivan
Ozato, Keiko
Pacher, Pal
Pai, Sung-Yun
Palena, Claudia M
Pao, Maryland
Parekh, Anant
Park, Jung-Hyun
Pastor, Richard
Pathak, Vinay K
Patisaul, Heather
Peddada, Shyamal
Penzo, Mario
Periwal, Vipul
Peterson, Karin E
Petros, Timothy James
Pfeifer, Karl E
Pfeiffer, Ruth M
Phillippy, Adam M
Philpott, Caroline C
Pierpaoli, Carlo
Pierson, Ted C
Pike, Victor
Pine, Daniel
Pinto, Peter A
Platt, Manu O
Plenz, Dietmar
Porat-Shliom, Natalie
Porter, Forbes D
Porter, Lauren
Powell-Wiley, Tiffany
Pratto, Florencia Maeva
Priola, Suzette Alise
Proia, Richard Leonard
Prokunina Olsson, Ludmila
Przytycka, Teresa
Puertollano-Moro, Rosa
Purdue, Mark P
Putney, James
Quezado, Zenaide
Quinn, Thomas C
Rajagopal, Padma Sheila
Rajan, Arun
Ramamurthi, Kumaran S
Ramaswami, Ramya
Ramchandani, Vijay
Ramsden, Christopher
Randazzo, Paul A
Rane, Sushil Gopal
Rapp, Peter R
Raznahan, Armin
Redmond, T Michael
Rehermann, Barbara
Reich, Daniel S
Reif, David
Reitman, Marc Lionel
Remaley, Alan
Ribeiro, José Marcos
Rice, Kenner C
Rider, Lisa
Robey, Pamela
Rocha, Pedro P
Roche, Katherine W
Roche, Paul A
Rodgers, Griffin P
Rodriguez, Joseph
Roederer, Mario
Roger, Véronique
Rogers, Katherine Wallace
Role, Lorna
Roll-Mecak, Antonina
Romero-Galue, Roberto Jose
Roper, Nitin
Roschewski, Mark
Rosenberg, Philip S
Rosenberg, Steven A
Rosenzweig, Sergio
Rothman, Nathaniel
Rotimi, Charles
Rotman, Yaron
Rouault, Tracey Ann
Rudloff, Udo
Ruiz Macias, Sergio
Rusan, Nasser
Ryba, Nicholas
Sack, Michael
Sacks, David
Sacks, David Lawrence
Sadhu, Meru J
Sadowski, Samira M
Sadtler, Kaitlyn
Sahinalp, S Cenk
Saito, Tais B
Saligan, Leorey N
Saloura, Vassiliki
Samara, Nadine
Samelson, Lawrence E
Sandler, Dale
Sargen, Michael R
Sartorelli, Vittorio
Savage, Sharon A
Schaaper, Roeland
Schechter, Alan N
Scheuermann, Richard
Schiffman, Mark H
Schiller, John T
Schlom, Jeffrey
Schmidt, Peter
Schmitt, Charles
Schneekloth, John 'Jay' Jr
Schneider, Joel P
Schnermann, Martin J
Schoenbaum, Geoffrey
Scholz, Sonja W
Schrump, David S
Schuck, Peter W
Schwartzberg, Pamela L
Seder, Robert Alan
Segre, Julie
Seidman, Michael M
Sellers, James
Sen, Payel
Sen, Ranjan
Sereti, Irini
Serpe, Mihaela
Shah, Nirali N
Shaham, Yavin
Sharan, Shyam K
Shaw, Natalie
Shchelochkov, Oleg A
Shen, Jun
Sheng, Zu-Hang
Sheppard, Sarah Elizabeth
Sherman, Arthur Stewart
Shern, Jack F
Shevach, Ethan M
Shi, Jianxin
Shi, Lei
Shi, Yun-Bo
Shiels, Meredith S
Shih, Han-Yu
Sibley, David R
Sidransky, Ellen
Sills, Robert
Silverman, Debra T
Simonds, William F
Simpson, R Mark
Singer, Alfred
Singer, Dinah S
Sinha, Rashmi
Smart, DeeDee K
Smith, Jeffrey C
Sodt, Alexander J
Solomon, Benjamin
Song, Byoung-Joon (BJ)
Song, Minkyo
Sowalsky, Adam G
Spencer, Richard G
Srinivasan, Ramaprasad
St Croix, Brad
Stanley, Robin
Star, Robert A
Starrett, Gabriel J
Staudt, Louis M
Steele-Mortimer, Olivia Ann
Stern, Michael D
Sterneck, Esta
Stewart, Douglas R
Stojilkovic, Stanko Stamen
Stolzenberg-Solomon, Rachael Z
Stopfer, Mark Andrew
Storz, Gisela Therese
Stracker, Travis H
Strebel, Klaus
Strich, Jeffrey R
Strober, Warren
Stroncek, David F
Su, Helen C
Su, Tsung Ping
Su, Xinzhuan
Suffredini, Anthony F
Summers, Ronald M
Sumner, Anne Elizabeth
Sun, Peter D
Sundaram, Rajeshwari
Sung, Myong-Hee
Swaroop, Anand
Swartz, Kenton J
Swenson, Rolf
Szabo, Attila Laszlo
Takahama, Yousuke
Takeda, David
Talmage, David
Tam, Johnny
Tamura, Kosuke
Tan, Joshua
Tanner, Kandice
Taraska, Justin
Taubenberger, Jeffery K
Taylor, Naomi
Tejeda, Hugo
Ten Hagen, Kelly
Terabe, Masaki
Tessarollo, Lino
Thein, Swee Lay
Thiele, Carol J
Thomas, Anish
Thomas, Craig J
Tifft, Cynthia
Tirloni, Lucas
Tisdale, John
Tjandra, Nico
Tolia, Niraj Harish
Tomarev, Stanislav I
Torabi-Parizi, Parizad
Tosato, Giovanna
Traynor, Bryan J
Trinchieri, Giorgio
Tschernia, Nicholas P
Turkbey, Ismail Baris
Turney, Indira C
Tycko, Robert
Usdin, Karen P
Valenzuela, Jesus G
Valkov, Eugene
Van Waes, Carter
Vega-Rodriguez, Joel
Venditti, Charles P
Vendruscolo, Leandro
Vidigal, Joana A
Vo, Jacqueline B
Vogel, Steven
Vogtmann, Emily J
Volkow, Nora
Wade, Paul
Wagner, Mark J
Wakefield, Lalage M
Walker, Keenan
Walters, Judith R
Walters, Kylie J
Wang, Quan
Wang, Weidong
Wang, Xin Wei
Wang, Yun-Xing
Ward, Mary H
Ward, Michael E
Warner, Blake
Waterman, Clare
Watts, Jason
Weigert, Roberto
Weinberg, Clarice
Weinstein, Brant M
Weinstein, Lee Scott
Weiss, Jeremy
Weisz, Catherine
Wellems, Thomas Edward
Wendler, David S
Weng, Nan-Ping Peter
Wentzensen, Nicolas
Werner, Achim
Wess, Jurgen
Westlake, Christopher J
Weyemi, Urbain
White, Alexandra
White, Benjamin
White, Tonya
Whitehead, Stephen S
Wickner, Reed Brendon
Wickner, Sue
Widemann, Brigitte C
Wiestner, Adrian
Wilcox, Allen
Williams, Carmen
Williams, Faustine
Williams, Robert
Williamson, Peter
Wilson, Wyndham H
Wingfield, Paul
Wink, David A
Wistow, Graeme J
Wlodawer, Alexander
Wolf, Matthew T
Wolin, Sandra L
Wong, Jason
Woodgate, Roger
Wray, Susan
Wu, Chuan
Wu, Colin CC
Wu, Doris K
Wu, Jing
Wu, Ling-Gang
Xia, Di
Xu, Hong
Xu, Xin
Yakel, Jerrel
Yamada, Kenneth
Yamaguchi, Terry P
Yang, Chunzhang
Yang, James C
Yang, Li
Yang, Rose R
Yang, Wei
Yang, Yihong
Yano, Yukiko
Yanovski, Jack A
Yao, Hung Chang
Yarchoan, Robert
Ye, Yihong
Yeung, Edwina Ho Yee
Yewdell, Jonathan Wilson
Yohe, Marielle E
Yoo, Euna
Youle, Richard J
Young, Neal
Young, Ryan M
Yu, Kai
Yu, Yi-Kuo
Yuan, Quan
Zaghloul, Kareem Amir
Zarate, Carlos
Zelazny, Adrian Marcelo
Zeldin, Darryl
Zerbe, Christa S
Zhang, Haoyu
Zhang, Jinwei
Zhang, Ping
Zhang, Tongwu
Zhang, Ying E
Zhang, Yun
Zhao, Chen
Zhao, Keji
Zhao, Shanshan
Zheng, Zhi-Ming
Zhu, Bin
Zhu, Jinfang
Ziegelbauer, Joseph M
Zimmerberg, Joshua Jay
Zoon, Kathryn Christine
